Index,Start,Time,Type,Data,
0,1.027104 s,8.7 ¦Ìs,RX data,B5,
1,1.027116 s,8.7 ¦Ìs,RX data,62,
2,1.027128 s,8.7 ¦Ìs,RX data,0A,
3,1.02714 s,8.7 ¦Ìs,RX data,04,
4,1.027151 s,8.7 ¦Ìs,RX data,00,
5,1.027163 s,8.7 ¦Ìs,RX data,00,
6,1.027175 s,8.7 ¦Ìs,RX data,0E,
7,1.027187 s,8.7 ¦Ìs,RX data,34,
8,1.029792 s,8.7 ¦Ìs,RX data,B5,
9,1.029804 s,8.7 ¦Ìs,RX data,62,
10,1.029816 s,8.7 ¦Ìs,RX data,06,
11,1.029828 s,8.7 ¦Ìs,RX data,8A,
12,1.02984 s,8.7 ¦Ìs,RX data,0E,
13,1.029852 s,8.7 ¦Ìs,RX data,00,
14,1.029864 s,8.7 ¦Ìs,RX data,00,
15,1.029876 s,8.7 ¦Ìs,RX data,01,
16,1.029887 s,8.7 ¦Ìs,RX data,00,
17,1.029899 s,8.7 ¦Ìs,RX data,00,
18,1.029911 s,8.7 ¦Ìs,RX data,01,
19,1.029923 s,8.7 ¦Ìs,RX data,00,
20,1.029935 s,8.7 ¦Ìs,RX data,74,
21,1.029947 s,8.7 ¦Ìs,RX data,10,
22,1.029959 s,8.7 ¦Ìs,RX data,01,
23,1.029971 s,8.7 ¦Ìs,RX data,02,
24,1.029983 s,8.7 ¦Ìs,RX data,00,
25,1.029995 s,8.7 ¦Ìs,RX data,74,
26,1.030006 s,8.7 ¦Ìs,RX data,10,
27,1.030018 s,8.7 ¦Ìs,RX data,00,
28,1.03003 s,8.7 ¦Ìs,RX data,AB,
29,1.030042 s,8.7 ¦Ìs,RX data,29,
30,1.049797 s,8.7 ¦Ìs,RX data,B5,
31,1.049809 s,8.7 ¦Ìs,RX data,62,
32,1.049821 s,8.7 ¦Ìs,RX data,06,
33,1.049832 s,8.7 ¦Ìs,RX data,8A,
34,1.049844 s,8.7 ¦Ìs,RX data,0E,
35,1.049856 s,8.7 ¦Ìs,RX data,00,
36,1.049868 s,8.7 ¦Ìs,RX data,00,
37,1.04988 s,8.7 ¦Ìs,RX data,01,
38,1.049892 s,8.7 ¦Ìs,RX data,00,
39,1.049904 s,8.7 ¦Ìs,RX data,00,
40,1.049916 s,8.7 ¦Ìs,RX data,01,
41,1.049928 s,8.7 ¦Ìs,RX data,00,
42,1.04994 s,8.7 ¦Ìs,RX data,74,
43,1.049951 s,8.7 ¦Ìs,RX data,10,
44,1.049963 s,8.7 ¦Ìs,RX data,01,
45,1.049975 s,8.7 ¦Ìs,RX data,02,
46,1.049987 s,8.7 ¦Ìs,RX data,00,
47,1.049999 s,8.7 ¦Ìs,RX data,74,
48,1.050011 s,8.7 ¦Ìs,RX data,10,
49,1.050023 s,8.7 ¦Ìs,RX data,00,
50,1.050035 s,8.7 ¦Ìs,RX data,AB,
51,1.050047 s,8.7 ¦Ìs,RX data,29,
52,1.069801 s,8.7 ¦Ìs,RX data,B5,
53,1.069813 s,8.7 ¦Ìs,RX data,62,
54,1.069825 s,8.7 ¦Ìs,RX data,06,
55,1.069837 s,8.7 ¦Ìs,RX data,8A,
56,1.069849 s,8.7 ¦Ìs,RX data,0E,
57,1.069861 s,8.7 ¦Ìs,RX data,00,
58,1.069873 s,8.7 ¦Ìs,RX data,00,
59,1.069885 s,8.7 ¦Ìs,RX data,01,
60,1.069896 s,8.7 ¦Ìs,RX data,00,
61,1.069908 s,8.7 ¦Ìs,RX data,00,
62,1.06992 s,8.7 ¦Ìs,RX data,01,
63,1.069932 s,8.7 ¦Ìs,RX data,00,
64,1.069944 s,8.7 ¦Ìs,RX data,74,
65,1.069956 s,8.7 ¦Ìs,RX data,10,
66,1.069968 s,8.7 ¦Ìs,RX data,01,
67,1.06998 s,8.7 ¦Ìs,RX data,02,
68,1.069992 s,8.7 ¦Ìs,RX data,00,
69,1.070004 s,8.7 ¦Ìs,RX data,74,
70,1.070015 s,8.7 ¦Ìs,RX data,10,
71,1.070027 s,8.7 ¦Ìs,RX data,00,
72,1.070039 s,8.7 ¦Ìs,RX data,AB,
73,1.070051 s,8.7 ¦Ìs,RX data,29,
74,1.070063 s,8.7 ¦Ìs,RX data,B5,
75,1.070075 s,8.7 ¦Ìs,RX data,62,
76,1.070087 s,8.7 ¦Ìs,RX data,06,
77,1.070099 s,8.7 ¦Ìs,RX data,3E,
78,1.070111 s,8.7 ¦Ìs,RX data,34,
79,1.070123 s,8.7 ¦Ìs,RX data,00,
80,1.070134 s,8.7 ¦Ìs,RX data,00,
81,1.070146 s,8.7 ¦Ìs,RX data,00,
82,1.070158 s,8.7 ¦Ìs,RX data,20,
83,1.07017 s,8.7 ¦Ìs,RX data,06,
84,1.070182 s,8.7 ¦Ìs,RX data,00,
85,1.070194 s,8.7 ¦Ìs,RX data,08,
86,1.070206 s,8.7 ¦Ìs,RX data,10,
87,1.070218 s,8.7 ¦Ìs,RX data,00,
88,1.07023 s,8.7 ¦Ìs,RX data,01,
89,1.070242 s,8.7 ¦Ìs,RX data,00,
90,1.070253 s,8.7 ¦Ìs,RX data,01,
91,1.070265 s,8.7 ¦Ìs,RX data,01,
92,1.070277 s,8.7 ¦Ìs,RX data,01,
93,1.070289 s,8.7 ¦Ìs,RX data,00,
94,1.070301 s,8.7 ¦Ìs,RX data,00,
95,1.070313 s,8.7 ¦Ìs,RX data,00,
96,1.070325 s,8.7 ¦Ìs,RX data,00,
97,1.070337 s,8.7 ¦Ìs,RX data,00,
98,1.070349 s,8.7 ¦Ìs,RX data,01,
99,1.070361 s,8.7 ¦Ìs,RX data,01,
100,1.070372 s,8.7 ¦Ìs,RX data,02,
101,1.070384 s,8.7 ¦Ìs,RX data,04,
102,1.070396 s,8.7 ¦Ìs,RX data,08,
103,1.070408 s,8.7 ¦Ìs,RX data,00,
104,1.07042 s,8.7 ¦Ìs,RX data,01,
105,1.070432 s,8.7 ¦Ìs,RX data,00,
106,1.070444 s,8.7 ¦Ìs,RX data,01,
107,1.070456 s,8.7 ¦Ìs,RX data,01,
108,1.070468 s,8.7 ¦Ìs,RX data,03,
109,1.070479 s,8.7 ¦Ìs,RX data,08,
110,1.070491 s,8.7 ¦Ìs,RX data,13,
111,1.070503 s,8.7 ¦Ìs,RX data,00,
112,1.070515 s,8.7 ¦Ìs,RX data,01,
113,1.070527 s,8.7 ¦Ìs,RX data,00,
114,1.070539 s,8.7 ¦Ìs,RX data,01,
115,1.070551 s,8.7 ¦Ìs,RX data,01,
116,1.070563 s,8.7 ¦Ìs,RX data,05,
117,1.070575 s,8.7 ¦Ìs,RX data,00,
118,1.070587 s,8.7 ¦Ìs,RX data,00,
119,1.070599 s,8.7 ¦Ìs,RX data,00,
120,1.07061 s,8.7 ¦Ìs,RX data,01,
121,1.070622 s,8.7 ¦Ìs,RX data,00,
122,1.070634 s,8.7 ¦Ìs,RX data,01,
123,1.070646 s,8.7 ¦Ìs,RX data,01,
124,1.070658 s,8.7 ¦Ìs,RX data,06,
125,1.07067 s,8.7 ¦Ìs,RX data,08,
126,1.070682 s,8.7 ¦Ìs,RX data,10,
127,1.070694 s,8.7 ¦Ìs,RX data,00,
128,1.070706 s,8.7 ¦Ìs,RX data,00,
129,1.070717 s,8.7 ¦Ìs,RX data,00,
130,1.070729 s,8.7 ¦Ìs,RX data,01,
131,1.070741 s,8.7 ¦Ìs,RX data,01,
132,1.070753 s,8.7 ¦Ìs,RX data,16,
133,1.070765 s,8.7 ¦Ìs,RX data,50,
134,1.081094 s,8.7 ¦Ìs,RX data,B5,
135,1.081105 s,8.7 ¦Ìs,RX data,62,
136,1.081117 s,8.7 ¦Ìs,RX data,06,
137,1.081129 s,8.7 ¦Ìs,RX data,04,
138,1.081141 s,8.7 ¦Ìs,RX data,04,
139,1.081153 s,8.7 ¦Ìs,RX data,00,
140,1.081165 s,8.7 ¦Ìs,RX data,00,
141,1.081177 s,8.7 ¦Ìs,RX data,00,
142,1.081189 s,8.7 ¦Ìs,RX data,08,
143,1.081201 s,8.7 ¦Ìs,RX data,00,
144,1.081213 s,8.7 ¦Ìs,RX data,16,
145,1.081224 s,8.7 ¦Ìs,RX data,74,
146,1.090775 s,8.7 ¦Ìs,RX data,B5,
147,1.090787 s,8.7 ¦Ìs,RX data,62,
148,1.090799 s,8.7 ¦Ìs,RX data,06,
149,1.090811 s,8.7 ¦Ìs,RX data,01,
150,1.090823 s,8.7 ¦Ìs,RX data,08,
151,1.090834 s,8.7 ¦Ìs,RX data,00,
152,1.090846 s,8.7 ¦Ìs,RX data,0D,
153,1.090858 s,8.7 ¦Ìs,RX data,01,
154,1.09087 s,8.7 ¦Ìs,RX data,00,
155,1.090882 s,8.7 ¦Ìs,RX data,01,
156,1.090894 s,8.7 ¦Ìs,RX data,00,
157,1.090906 s,8.7 ¦Ìs,RX data,00,
158,1.090918 s,8.7 ¦Ìs,RX data,00,
159,1.09093 s,8.7 ¦Ìs,RX data,00,
160,1.090942 s,8.7 ¦Ìs,RX data,1E,
161,1.090953 s,8.7 ¦Ìs,RX data,17,
162,1.195746 s,8.7 ¦Ìs,RX data,B5,
163,1.195758 s,8.7 ¦Ìs,RX data,62,
164,1.19577 s,8.7 ¦Ìs,RX data,06,
165,1.195782 s,8.7 ¦Ìs,RX data,01,
166,1.195794 s,8.7 ¦Ìs,RX data,08,
167,1.195806 s,8.7 ¦Ìs,RX data,00,
168,1.195818 s,8.7 ¦Ìs,RX data,0D,
169,1.19583 s,8.7 ¦Ìs,RX data,01,
170,1.195842 s,8.7 ¦Ìs,RX data,00,
171,1.195853 s,8.7 ¦Ìs,RX data,01,
172,1.195865 s,8.7 ¦Ìs,RX data,00,
173,1.195877 s,8.7 ¦Ìs,RX data,00,
174,1.195889 s,8.7 ¦Ìs,RX data,00,
175,1.195901 s,8.7 ¦Ìs,RX data,00,
176,1.195913 s,8.7 ¦Ìs,RX data,1E,
177,1.195925 s,8.7 ¦Ìs,RX data,17,
178,1.205741 s,8.7 ¦Ìs,RX data,B5,
179,1.205753 s,8.7 ¦Ìs,RX data,62,
180,1.205765 s,8.7 ¦Ìs,RX data,06,
181,1.205777 s,8.7 ¦Ìs,RX data,01,
182,1.205789 s,8.7 ¦Ìs,RX data,08,
183,1.205801 s,8.7 ¦Ìs,RX data,00,
184,1.205813 s,8.7 ¦Ìs,RX data,01,
185,1.205825 s,8.7 ¦Ìs,RX data,01,
186,1.205837 s,8.7 ¦Ìs,RX data,00,
187,1.205848 s,8.7 ¦Ìs,RX data,01,
188,1.20586 s,8.7 ¦Ìs,RX data,00,
189,1.205872 s,8.7 ¦Ìs,RX data,00,
190,1.205884 s,8.7 ¦Ìs,RX data,00,
191,1.205896 s,8.7 ¦Ìs,RX data,00,
192,1.205908 s,8.7 ¦Ìs,RX data,12,
193,1.20592 s,8.7 ¦Ìs,RX data,B7,
194,1.215751 s,8.7 ¦Ìs,RX data,B5,
195,1.215763 s,8.7 ¦Ìs,RX data,62,
196,1.215775 s,8.7 ¦Ìs,RX data,06,
197,1.215787 s,8.7 ¦Ìs,RX data,01,
198,1.215799 s,8.7 ¦Ìs,RX data,08,
199,1.215811 s,8.7 ¦Ìs,RX data,00,
200,1.215823 s,8.7 ¦Ìs,RX data,01,
201,1.215834 s,8.7 ¦Ìs,RX data,02,
202,1.215846 s,8.7 ¦Ìs,RX data,00,
203,1.215858 s,8.7 ¦Ìs,RX data,01,
204,1.21587 s,8.7 ¦Ìs,RX data,00,
205,1.215882 s,8.7 ¦Ìs,RX data,00,
206,1.215894 s,8.7 ¦Ìs,RX data,00,
207,1.215906 s,8.7 ¦Ìs,RX data,00,
208,1.215918 s,8.7 ¦Ìs,RX data,13,
209,1.21593 s,8.7 ¦Ìs,RX data,BE,
210,1.225762 s,8.7 ¦Ìs,RX data,B5,
211,1.225774 s,8.7 ¦Ìs,RX data,62,
212,1.225786 s,8.7 ¦Ìs,RX data,06,
213,1.225798 s,8.7 ¦Ìs,RX data,01,
214,1.22581 s,8.7 ¦Ìs,RX data,08,
215,1.225822 s,8.7 ¦Ìs,RX data,00,
216,1.225834 s,8.7 ¦Ìs,RX data,01,
217,1.225846 s,8.7 ¦Ìs,RX data,03,
218,1.225857 s,8.7 ¦Ìs,RX data,00,
219,1.225869 s,8.7 ¦Ìs,RX data,01,
220,1.225881 s,8.7 ¦Ìs,RX data,00,
221,1.225893 s,8.7 ¦Ìs,RX data,00,
222,1.225905 s,8.7 ¦Ìs,RX data,00,
223,1.225917 s,8.7 ¦Ìs,RX data,00,
224,1.225929 s,8.7 ¦Ìs,RX data,14,
225,1.225941 s,8.7 ¦Ìs,RX data,C5,
226,1.235751 s,8.7 ¦Ìs,RX data,B5,
227,1.235763 s,8.7 ¦Ìs,RX data,62,
228,1.235774 s,8.7 ¦Ìs,RX data,06,
229,1.235786 s,8.7 ¦Ìs,RX data,01,
230,1.235798 s,8.7 ¦Ìs,RX data,08,
231,1.23581 s,8.7 ¦Ìs,RX data,00,
232,1.235822 s,8.7 ¦Ìs,RX data,01,
233,1.235834 s,8.7 ¦Ìs,RX data,04,
234,1.235846 s,8.7 ¦Ìs,RX data,00,
235,1.235858 s,8.7 ¦Ìs,RX data,01,
236,1.23587 s,8.7 ¦Ìs,RX data,00,
237,1.235881 s,8.7 ¦Ìs,RX data,00,
238,1.235893 s,8.7 ¦Ìs,RX data,00,
239,1.235905 s,8.7 ¦Ìs,RX data,00,
240,1.235917 s,8.7 ¦Ìs,RX data,15,
241,1.235929 s,8.7 ¦Ìs,RX data,CC,
242,1.245742 s,8.7 ¦Ìs,RX data,B5,
243,1.245754 s,8.7 ¦Ìs,RX data,62,
244,1.245766 s,8.7 ¦Ìs,RX data,06,
245,1.245778 s,8.7 ¦Ìs,RX data,01,
246,1.245789 s,8.7 ¦Ìs,RX data,08,
247,1.245801 s,8.7 ¦Ìs,RX data,00,
248,1.245813 s,8.7 ¦Ìs,RX data,01,
249,1.245825 s,8.7 ¦Ìs,RX data,06,
250,1.245837 s,8.7 ¦Ìs,RX data,00,
251,1.245849 s,8.7 ¦Ìs,RX data,01,
252,1.245861 s,8.7 ¦Ìs,RX data,00,
253,1.245873 s,8.7 ¦Ìs,RX data,00,
254,1.245885 s,8.7 ¦Ìs,RX data,00,
255,1.245897 s,8.7 ¦Ìs,RX data,00,
256,1.245908 s,8.7 ¦Ìs,RX data,17,
257,1.24592 s,8.7 ¦Ìs,RX data,DA,
258,1.255755 s,8.7 ¦Ìs,RX data,B5,
259,1.255767 s,8.7 ¦Ìs,RX data,62,
260,1.255779 s,8.7 ¦Ìs,RX data,06,
261,1.255791 s,8.7 ¦Ìs,RX data,8A,
262,1.255802 s,8.7 ¦Ìs,RX data,09,
263,1.255814 s,8.7 ¦Ìs,RX data,00,
264,1.255826 s,8.7 ¦Ìs,RX data,00,
265,1.255838 s,8.7 ¦Ìs,RX data,07,
266,1.25585 s,8.7 ¦Ìs,RX data,00,
267,1.255862 s,8.7 ¦Ìs,RX data,00,
268,1.255874 s,8.7 ¦Ìs,RX data,4B,
269,1.255886 s,8.7 ¦Ìs,RX data,03,
270,1.255898 s,8.7 ¦Ìs,RX data,91,
271,1.25591 s,8.7 ¦Ìs,RX data,20,
272,1.255921 s,8.7 ¦Ìs,RX data,02,
273,1.255933 s,8.7 ¦Ìs,RX data,A1,
274,1.255945 s,8.7 ¦Ìs,RX data,D9,
275,1.265755 s,8.7 ¦Ìs,RX data,B5,
276,1.265767 s,8.7 ¦Ìs,RX data,62,
277,1.265779 s,8.7 ¦Ìs,RX data,06,
278,1.265791 s,8.7 ¦Ìs,RX data,01,
279,1.265803 s,8.7 ¦Ìs,RX data,08,
280,1.265815 s,8.7 ¦Ìs,RX data,00,
281,1.265827 s,8.7 ¦Ìs,RX data,01,
282,1.265839 s,8.7 ¦Ìs,RX data,07,
283,1.26585 s,8.7 ¦Ìs,RX data,00,
284,1.265862 s,8.7 ¦Ìs,RX data,01,
285,1.265874 s,8.7 ¦Ìs,RX data,00,
286,1.265886 s,8.7 ¦Ìs,RX data,00,
287,1.265898 s,8.7 ¦Ìs,RX data,00,
288,1.26591 s,8.7 ¦Ìs,RX data,00,
289,1.265922 s,8.7 ¦Ìs,RX data,18,
290,1.265934 s,8.7 ¦Ìs,RX data,E1,
291,1.280754 s,8.7 ¦Ìs,RX data,B5,
292,1.280766 s,8.7 ¦Ìs,RX data,62,
293,1.280778 s,8.7 ¦Ìs,RX data,06,
294,1.28079 s,8.7 ¦Ìs,RX data,01,
295,1.280802 s,8.7 ¦Ìs,RX data,08,
296,1.280814 s,8.7 ¦Ìs,RX data,00,
297,1.280826 s,8.7 ¦Ìs,RX data,01,
298,1.280838 s,8.7 ¦Ìs,RX data,11,
299,1.280849 s,8.7 ¦Ìs,RX data,00,
300,1.280861 s,8.7 ¦Ìs,RX data,00,
301,1.280873 s,8.7 ¦Ìs,RX data,00,
302,1.280885 s,8.7 ¦Ìs,RX data,00,
303,1.280897 s,8.7 ¦Ìs,RX data,00,
304,1.280909 s,8.7 ¦Ìs,RX data,00,
305,1.280921 s,8.7 ¦Ìs,RX data,21,
306,1.280933 s,8.7 ¦Ìs,RX data,22,
307,1.290773 s,8.7 ¦Ìs,RX data,B5,
308,1.290785 s,8.7 ¦Ìs,RX data,62,
309,1.290797 s,8.7 ¦Ìs,RX data,06,
310,1.290809 s,8.7 ¦Ìs,RX data,01,
311,1.29082 s,8.7 ¦Ìs,RX data,08,
312,1.290832 s,8.7 ¦Ìs,RX data,00,
313,1.290844 s,8.7 ¦Ìs,RX data,01,
314,1.290856 s,8.7 ¦Ìs,RX data,12,
315,1.290868 s,8.7 ¦Ìs,RX data,00,
316,1.29088 s,8.7 ¦Ìs,RX data,01,
317,1.290892 s,8.7 ¦Ìs,RX data,00,
318,1.290904 s,8.7 ¦Ìs,RX data,00,
319,1.290916 s,8.7 ¦Ìs,RX data,00,
320,1.290928 s,8.7 ¦Ìs,RX data,00,
321,1.290939 s,8.7 ¦Ìs,RX data,23,
322,1.290951 s,8.7 ¦Ìs,RX data,2E,
323,1.300748 s,8.7 ¦Ìs,RX data,B5,
324,1.30076 s,8.7 ¦Ìs,RX data,62,
325,1.300772 s,8.7 ¦Ìs,RX data,06,
326,1.300784 s,8.7 ¦Ìs,RX data,01,
327,1.300796 s,8.7 ¦Ìs,RX data,08,
328,1.300808 s,8.7 ¦Ìs,RX data,00,
329,1.30082 s,8.7 ¦Ìs,RX data,01,
330,1.300832 s,8.7 ¦Ìs,RX data,20,
331,1.300844 s,8.7 ¦Ìs,RX data,00,
332,1.300855 s,8.7 ¦Ìs,RX data,00,
333,1.300867 s,8.7 ¦Ìs,RX data,00,
334,1.300879 s,8.7 ¦Ìs,RX data,00,
335,1.300891 s,8.7 ¦Ìs,RX data,00,
336,1.300903 s,8.7 ¦Ìs,RX data,00,
337,1.300915 s,8.7 ¦Ìs,RX data,30,
338,1.300927 s,8.7 ¦Ìs,RX data,8B,
339,1.310765 s,8.7 ¦Ìs,RX data,B5,
340,1.310777 s,8.7 ¦Ìs,RX data,62,
341,1.310789 s,8.7 ¦Ìs,RX data,06,
342,1.310801 s,8.7 ¦Ìs,RX data,01,
343,1.310813 s,8.7 ¦Ìs,RX data,08,
344,1.310825 s,8.7 ¦Ìs,RX data,00,
345,1.310837 s,8.7 ¦Ìs,RX data,01,
346,1.310848 s,8.7 ¦Ìs,RX data,21,
347,1.31086 s,8.7 ¦Ìs,RX data,00,
348,1.310872 s,8.7 ¦Ìs,RX data,01,
349,1.310884 s,8.7 ¦Ìs,RX data,00,
350,1.310896 s,8.7 ¦Ìs,RX data,00,
351,1.310908 s,8.7 ¦Ìs,RX data,00,
352,1.31092 s,8.7 ¦Ìs,RX data,00,
353,1.310932 s,8.7 ¦Ìs,RX data,32,
354,1.310944 s,8.7 ¦Ìs,RX data,97,
355,1.320759 s,8.7 ¦Ìs,RX data,B5,
356,1.32077 s,8.7 ¦Ìs,RX data,62,
357,1.320782 s,8.7 ¦Ìs,RX data,06,
358,1.320794 s,8.7 ¦Ìs,RX data,01,
359,1.320806 s,8.7 ¦Ìs,RX data,08,
360,1.320818 s,8.7 ¦Ìs,RX data,00,
361,1.32083 s,8.7 ¦Ìs,RX data,01,
362,1.320842 s,8.7 ¦Ìs,RX data,22,
363,1.320854 s,8.7 ¦Ìs,RX data,00,
364,1.320866 s,8.7 ¦Ìs,RX data,01,
365,1.320878 s,8.7 ¦Ìs,RX data,00,
366,1.320889 s,8.7 ¦Ìs,RX data,00,
367,1.320901 s,8.7 ¦Ìs,RX data,00,
368,1.320913 s,8.7 ¦Ìs,RX data,00,
369,1.320925 s,8.7 ¦Ìs,RX data,33,
370,1.320937 s,8.7 ¦Ìs,RX data,9E,
371,1.330771 s,8.7 ¦Ìs,RX data,B5,
372,1.330783 s,8.7 ¦Ìs,RX data,62,
373,1.330795 s,8.7 ¦Ìs,RX data,06,
374,1.330807 s,8.7 ¦Ìs,RX data,01,
375,1.330819 s,8.7 ¦Ìs,RX data,08,
376,1.330831 s,8.7 ¦Ìs,RX data,00,
377,1.330843 s,8.7 ¦Ìs,RX data,02,
378,1.330855 s,8.7 ¦Ìs,RX data,15,
379,1.330866 s,8.7 ¦Ìs,RX data,00,
380,1.330878 s,8.7 ¦Ìs,RX data,01,
381,1.33089 s,8.7 ¦Ìs,RX data,00,
382,1.330902 s,8.7 ¦Ìs,RX data,00,
383,1.330914 s,8.7 ¦Ìs,RX data,00,
384,1.330926 s,8.7 ¦Ìs,RX data,00,
385,1.330938 s,8.7 ¦Ìs,RX data,27,
386,1.33095 s,8.7 ¦Ìs,RX data,4B,
387,1.340749 s,8.7 ¦Ìs,RX data,B5,
388,1.340761 s,8.7 ¦Ìs,RX data,62,
389,1.340773 s,8.7 ¦Ìs,RX data,06,
390,1.340784 s,8.7 ¦Ìs,RX data,01,
391,1.340796 s,8.7 ¦Ìs,RX data,08,
392,1.340808 s,8.7 ¦Ìs,RX data,00,
393,1.34082 s,8.7 ¦Ìs,RX data,02,
394,1.340832 s,8.7 ¦Ìs,RX data,13,
395,1.340844 s,8.7 ¦Ìs,RX data,00,
396,1.340856 s,8.7 ¦Ìs,RX data,01,
397,1.340868 s,8.7 ¦Ìs,RX data,00,
398,1.34088 s,8.7 ¦Ìs,RX data,00,
399,1.340891 s,8.7 ¦Ìs,RX data,00,
400,1.340903 s,8.7 ¦Ìs,RX data,00,
401,1.340915 s,8.7 ¦Ìs,RX data,25,
402,1.340927 s,8.7 ¦Ìs,RX data,3D,
403,1.350766 s,8.7 ¦Ìs,RX data,B5,
404,1.350778 s,8.7 ¦Ìs,RX data,62,
405,1.350789 s,8.7 ¦Ìs,RX data,02,
406,1.350801 s,8.7 ¦Ìs,RX data,60,
407,1.350813 s,8.7 ¦Ìs,RX data,0C,
408,1.350825 s,8.7 ¦Ìs,RX data,00,
409,1.350837 s,8.7 ¦Ìs,RX data,04,
410,1.350849 s,8.7 ¦Ìs,RX data,20,
411,1.350861 s,8.7 ¦Ìs,RX data,03,
412,1.350873 s,8.7 ¦Ìs,RX data,FF,
413,1.350885 s,8.7 ¦Ìs,RX data,00,
414,1.350897 s,8.7 ¦Ìs,RX data,00,
415,1.350908 s,8.7 ¦Ìs,RX data,00,
416,1.35092 s,8.7 ¦Ìs,RX data,00,
417,1.350932 s,8.7 ¦Ìs,RX data,00,
418,1.350944 s,8.7 ¦Ìs,RX data,00,
419,1.350956 s,8.7 ¦Ìs,RX data,00,
420,1.350968 s,8.7 ¦Ìs,RX data,00,
421,1.35098 s,8.7 ¦Ìs,RX data,94,
422,1.350992 s,8.7 ¦Ìs,RX data,0D,
423,1.455757 s,8.7 ¦Ìs,RX data,B5,
424,1.455769 s,8.7 ¦Ìs,RX data,62,
425,1.455781 s,8.7 ¦Ìs,RX data,02,
426,1.455793 s,8.7 ¦Ìs,RX data,60,
427,1.455805 s,8.7 ¦Ìs,RX data,0C,
428,1.455817 s,8.7 ¦Ìs,RX data,00,
429,1.455829 s,8.7 ¦Ìs,RX data,04,
430,1.455841 s,8.7 ¦Ìs,RX data,20,
431,1.455852 s,8.7 ¦Ìs,RX data,03,
432,1.455864 s,8.7 ¦Ìs,RX data,FF,
433,1.455876 s,8.7 ¦Ìs,RX data,00,
434,1.455888 s,8.7 ¦Ìs,RX data,00,
435,1.4559 s,8.7 ¦Ìs,RX data,00,
436,1.455912 s,8.7 ¦Ìs,RX data,00,
437,1.455924 s,8.7 ¦Ìs,RX data,00,
438,1.455936 s,8.7 ¦Ìs,RX data,00,
439,1.455948 s,8.7 ¦Ìs,RX data,00,
440,1.455959 s,8.7 ¦Ìs,RX data,00,
441,1.455971 s,8.7 ¦Ìs,RX data,94,
442,1.455983 s,8.7 ¦Ìs,RX data,0D,
443,1.560763 s,8.7 ¦Ìs,RX data,B5,
444,1.560775 s,8.7 ¦Ìs,RX data,62,
445,1.560787 s,8.7 ¦Ìs,RX data,02,
446,1.560799 s,8.7 ¦Ìs,RX data,60,
447,1.560811 s,8.7 ¦Ìs,RX data,0C,
448,1.560823 s,8.7 ¦Ìs,RX data,00,
449,1.560835 s,8.7 ¦Ìs,RX data,04,
450,1.560847 s,8.7 ¦Ìs,RX data,20,
451,1.560859 s,8.7 ¦Ìs,RX data,03,
452,1.56087 s,8.7 ¦Ìs,RX data,FF,
453,1.560882 s,8.7 ¦Ìs,RX data,00,
454,1.560894 s,8.7 ¦Ìs,RX data,00,
455,1.560906 s,8.7 ¦Ìs,RX data,00,
456,1.560918 s,8.7 ¦Ìs,RX data,00,
457,1.56093 s,8.7 ¦Ìs,RX data,00,
458,1.560942 s,8.7 ¦Ìs,RX data,00,
459,1.560954 s,8.7 ¦Ìs,RX data,00,
460,1.560966 s,8.7 ¦Ìs,RX data,00,
461,1.560977 s,8.7 ¦Ìs,RX data,94,
462,1.560989 s,8.7 ¦Ìs,RX data,0D,
463,1.66577 s,8.7 ¦Ìs,RX data,B5,
464,1.665782 s,8.7 ¦Ìs,RX data,62,
465,1.665793 s,8.7 ¦Ìs,RX data,02,
466,1.665805 s,8.7 ¦Ìs,RX data,60,
467,1.665817 s,8.7 ¦Ìs,RX data,0C,
468,1.665829 s,8.7 ¦Ìs,RX data,00,
469,1.665841 s,8.7 ¦Ìs,RX data,04,
470,1.665853 s,8.7 ¦Ìs,RX data,20,
471,1.665865 s,8.7 ¦Ìs,RX data,03,
472,1.665877 s,8.7 ¦Ìs,RX data,FF,
473,1.665889 s,8.7 ¦Ìs,RX data,00,
474,1.665901 s,8.7 ¦Ìs,RX data,00,
475,1.665912 s,8.7 ¦Ìs,RX data,00,
476,1.665924 s,8.7 ¦Ìs,RX data,00,
477,1.665936 s,8.7 ¦Ìs,RX data,00,
478,1.665948 s,8.7 ¦Ìs,RX data,00,
479,1.66596 s,8.7 ¦Ìs,RX data,00,
480,1.665972 s,8.7 ¦Ìs,RX data,00,
481,1.665984 s,8.7 ¦Ìs,RX data,94,
482,1.665996 s,8.7 ¦Ìs,RX data,0D,
483,1.770795 s,8.7 ¦Ìs,RX data,B5,
484,1.770807 s,8.7 ¦Ìs,RX data,62,
485,1.770819 s,8.7 ¦Ìs,RX data,02,
486,1.77083 s,8.7 ¦Ìs,RX data,60,
487,1.770842 s,8.7 ¦Ìs,RX data,0C,
488,1.770854 s,8.7 ¦Ìs,RX data,00,
489,1.770866 s,8.7 ¦Ìs,RX data,04,
490,1.770878 s,8.7 ¦Ìs,RX data,20,
491,1.77089 s,8.7 ¦Ìs,RX data,03,
492,1.770902 s,8.7 ¦Ìs,RX data,FF,
493,1.770914 s,8.7 ¦Ìs,RX data,00,
494,1.770926 s,8.7 ¦Ìs,RX data,00,
495,1.770938 s,8.7 ¦Ìs,RX data,00,
496,1.770949 s,8.7 ¦Ìs,RX data,00,
497,1.770961 s,8.7 ¦Ìs,RX data,00,
498,1.770973 s,8.7 ¦Ìs,RX data,00,
499,1.770985 s,8.7 ¦Ìs,RX data,00,
500,1.770997 s,8.7 ¦Ìs,RX data,00,
501,1.771009 s,8.7 ¦Ìs,RX data,94,
502,1.771021 s,8.7 ¦Ìs,RX data,0D,
503,1.875788 s,8.7 ¦Ìs,RX data,B5,
504,1.8758 s,8.7 ¦Ìs,RX data,62,
505,1.875812 s,8.7 ¦Ìs,RX data,02,
506,1.875824 s,8.7 ¦Ìs,RX data,60,
507,1.875836 s,8.7 ¦Ìs,RX data,0C,
508,1.875848 s,8.7 ¦Ìs,RX data,00,
509,1.875859 s,8.7 ¦Ìs,RX data,04,
510,1.875871 s,8.7 ¦Ìs,RX data,20,
511,1.875883 s,8.7 ¦Ìs,RX data,03,
512,1.875895 s,8.7 ¦Ìs,RX data,FF,
513,1.875907 s,8.7 ¦Ìs,RX data,00,
514,1.875919 s,8.7 ¦Ìs,RX data,00,
515,1.875931 s,8.7 ¦Ìs,RX data,00,
516,1.875943 s,8.7 ¦Ìs,RX data,00,
517,1.875955 s,8.7 ¦Ìs,RX data,00,
518,1.875967 s,8.7 ¦Ìs,RX data,00,
519,1.875978 s,8.7 ¦Ìs,RX data,00,
520,1.87599 s,8.7 ¦Ìs,RX data,00,
521,1.876002 s,8.7 ¦Ìs,RX data,94,
522,1.876014 s,8.7 ¦Ìs,RX data,0D,
523,1.980771 s,8.7 ¦Ìs,RX data,B5,
524,1.980783 s,8.7 ¦Ìs,RX data,62,
525,1.980795 s,8.7 ¦Ìs,RX data,02,
526,1.980807 s,8.7 ¦Ìs,RX data,60,
527,1.980818 s,8.7 ¦Ìs,RX data,0C,
528,1.98083 s,8.7 ¦Ìs,RX data,00,
529,1.980842 s,8.7 ¦Ìs,RX data,04,
530,1.980854 s,8.7 ¦Ìs,RX data,20,
531,1.980866 s,8.7 ¦Ìs,RX data,03,
532,1.980878 s,8.7 ¦Ìs,RX data,FF,
533,1.98089 s,8.7 ¦Ìs,RX data,00,
534,1.980902 s,8.7 ¦Ìs,RX data,00,
535,1.980914 s,8.7 ¦Ìs,RX data,00,
536,1.980926 s,8.7 ¦Ìs,RX data,00,
537,1.980937 s,8.7 ¦Ìs,RX data,00,
538,1.980949 s,8.7 ¦Ìs,RX data,00,
539,1.980961 s,8.7 ¦Ìs,RX data,00,
540,1.980973 s,8.7 ¦Ìs,RX data,00,
541,1.980985 s,8.7 ¦Ìs,RX data,94,
542,1.980997 s,8.7 ¦Ìs,RX data,0D,
543,2.085761 s,8.7 ¦Ìs,RX data,B5,
544,2.085772 s,8.7 ¦Ìs,RX data,62,
545,2.085784 s,8.7 ¦Ìs,RX data,02,
546,2.085796 s,8.7 ¦Ìs,RX data,60,
547,2.085808 s,8.7 ¦Ìs,RX data,0C,
548,2.08582 s,8.7 ¦Ìs,RX data,00,
549,2.085832 s,8.7 ¦Ìs,RX data,04,
550,2.085844 s,8.7 ¦Ìs,RX data,20,
551,2.085856 s,8.7 ¦Ìs,RX data,03,
552,2.085868 s,8.7 ¦Ìs,RX data,FF,
553,2.08588 s,8.7 ¦Ìs,RX data,00,
554,2.085891 s,8.7 ¦Ìs,RX data,00,
555,2.085903 s,8.7 ¦Ìs,RX data,00,
556,2.085915 s,8.7 ¦Ìs,RX data,00,
557,2.085927 s,8.7 ¦Ìs,RX data,00,
558,2.085939 s,8.7 ¦Ìs,RX data,00,
559,2.085951 s,8.7 ¦Ìs,RX data,00,
560,2.085963 s,8.7 ¦Ìs,RX data,00,
561,2.085975 s,8.7 ¦Ìs,RX data,94,
562,2.085987 s,8.7 ¦Ìs,RX data,0D,
563,2.190785 s,8.7 ¦Ìs,RX data,B5,
564,2.190797 s,8.7 ¦Ìs,RX data,62,
565,2.190809 s,8.7 ¦Ìs,RX data,02,
566,2.19082 s,8.7 ¦Ìs,RX data,60,
567,2.190832 s,8.7 ¦Ìs,RX data,0C,
568,2.190844 s,8.7 ¦Ìs,RX data,00,
569,2.190856 s,8.7 ¦Ìs,RX data,04,
570,2.190868 s,8.7 ¦Ìs,RX data,20,
571,2.19088 s,8.7 ¦Ìs,RX data,03,
572,2.190892 s,8.7 ¦Ìs,RX data,FF,
573,2.190904 s,8.7 ¦Ìs,RX data,00,
574,2.190916 s,8.7 ¦Ìs,RX data,00,
575,2.190927 s,8.7 ¦Ìs,RX data,00,
576,2.190939 s,8.7 ¦Ìs,RX data,00,
577,2.190951 s,8.7 ¦Ìs,RX data,00,
578,2.190963 s,8.7 ¦Ìs,RX data,00,
579,2.190975 s,8.7 ¦Ìs,RX data,00,
580,2.190987 s,8.7 ¦Ìs,RX data,00,
581,2.190999 s,8.7 ¦Ìs,RX data,94,
582,2.191011 s,8.7 ¦Ìs,RX data,0D,
583,2.295771 s,8.7 ¦Ìs,RX data,B5,
584,2.295783 s,8.7 ¦Ìs,RX data,62,
585,2.295795 s,8.7 ¦Ìs,RX data,02,
586,2.295807 s,8.7 ¦Ìs,RX data,60,
587,2.295818 s,8.7 ¦Ìs,RX data,0C,
588,2.29583 s,8.7 ¦Ìs,RX data,00,
589,2.295842 s,8.7 ¦Ìs,RX data,04,
590,2.295854 s,8.7 ¦Ìs,RX data,20,
591,2.295866 s,8.7 ¦Ìs,RX data,03,
592,2.295878 s,8.7 ¦Ìs,RX data,FF,
593,2.29589 s,8.7 ¦Ìs,RX data,00,
594,2.295902 s,8.7 ¦Ìs,RX data,00,
595,2.295914 s,8.7 ¦Ìs,RX data,00,
596,2.295926 s,8.7 ¦Ìs,RX data,00,
597,2.295937 s,8.7 ¦Ìs,RX data,00,
598,2.295949 s,8.7 ¦Ìs,RX data,00,
599,2.295961 s,8.7 ¦Ìs,RX data,00,
600,2.295973 s,8.7 ¦Ìs,RX data,00,
601,2.295985 s,8.7 ¦Ìs,RX data,94,
602,2.295997 s,8.7 ¦Ìs,RX data,0D,
603,2.405764 s,8.7 ¦Ìs,RX data,B5,
604,2.405776 s,8.7 ¦Ìs,RX data,62,
605,2.405788 s,8.7 ¦Ìs,RX data,06,
606,2.4058 s,8.7 ¦Ìs,RX data,01,
607,2.405812 s,8.7 ¦Ìs,RX data,08,
608,2.405824 s,8.7 ¦Ìs,RX data,00,
609,2.405835 s,8.7 ¦Ìs,RX data,0A,
610,2.405847 s,8.7 ¦Ìs,RX data,09,
611,2.405859 s,8.7 ¦Ìs,RX data,00,
612,2.405871 s,8.7 ¦Ìs,RX data,01,
613,2.405883 s,8.7 ¦Ìs,RX data,00,
614,2.405895 s,8.7 ¦Ìs,RX data,00,
615,2.405907 s,8.7 ¦Ìs,RX data,00,
616,2.405919 s,8.7 ¦Ìs,RX data,00,
617,2.405931 s,8.7 ¦Ìs,RX data,23,
618,2.405943 s,8.7 ¦Ìs,RX data,37,
619,2.511314 s,8.7 ¦Ìs,RX data,B5,
620,2.511326 s,8.7 ¦Ìs,RX data,62,
621,2.511337 s,8.7 ¦Ìs,RX data,06,
622,2.511349 s,8.7 ¦Ìs,RX data,01,
623,2.511361 s,8.7 ¦Ìs,RX data,08,
624,2.511373 s,8.7 ¦Ìs,RX data,00,
625,2.511385 s,8.7 ¦Ìs,RX data,0A,
626,2.511397 s,8.7 ¦Ìs,RX data,09,
627,2.511409 s,8.7 ¦Ìs,RX data,00,
628,2.511421 s,8.7 ¦Ìs,RX data,01,
629,2.511433 s,8.7 ¦Ìs,RX data,00,
630,2.511445 s,8.7 ¦Ìs,RX data,00,
631,2.511456 s,8.7 ¦Ìs,RX data,00,
632,2.511468 s,8.7 ¦Ìs,RX data,00,
633,2.51148 s,8.7 ¦Ìs,RX data,23,
634,2.511492 s,8.7 ¦Ìs,RX data,37,
635,2.521307 s,8.7 ¦Ìs,RX data,B5,
636,2.521319 s,8.7 ¦Ìs,RX data,62,
637,2.521331 s,8.7 ¦Ìs,RX data,06,
638,2.521343 s,8.7 ¦Ìs,RX data,86,
639,2.521354 s,8.7 ¦Ìs,RX data,08,
640,2.521366 s,8.7 ¦Ìs,RX data,00,
641,2.521378 s,8.7 ¦Ìs,RX data,00,
642,2.52139 s,8.7 ¦Ìs,RX data,00,
643,2.521402 s,8.7 ¦Ìs,RX data,00,
644,2.521414 s,8.7 ¦Ìs,RX data,00,
645,2.521426 s,8.7 ¦Ìs,RX data,00,
646,2.521438 s,8.7 ¦Ìs,RX data,00,
647,2.52145 s,8.7 ¦Ìs,RX data,00,
648,2.521461 s,8.7 ¦Ìs,RX data,00,
649,2.521473 s,8.7 ¦Ìs,RX data,94,
650,2.521485 s,8.7 ¦Ìs,RX data,5A,
651,2.531318 s,8.7 ¦Ìs,RX data,B5,
652,2.53133 s,8.7 ¦Ìs,RX data,62,
653,2.531342 s,8.7 ¦Ìs,RX data,06,
654,2.531354 s,8.7 ¦Ìs,RX data,08,
655,2.531366 s,8.7 ¦Ìs,RX data,06,
656,2.531378 s,8.7 ¦Ìs,RX data,00,
657,2.53139 s,8.7 ¦Ìs,RX data,C8,
658,2.531402 s,8.7 ¦Ìs,RX data,00,
659,2.531414 s,8.7 ¦Ìs,RX data,01,
660,2.531425 s,8.7 ¦Ìs,RX data,00,
661,2.531437 s,8.7 ¦Ìs,RX data,00,
662,2.531449 s,8.7 ¦Ìs,RX data,00,
663,2.531461 s,8.7 ¦Ìs,RX data,DD,
664,2.531473 s,8.7 ¦Ìs,RX data,68,
665,2.541295 s,8.7 ¦Ìs,RX data,B5,
666,2.541307 s,8.7 ¦Ìs,RX data,62,
667,2.541319 s,8.7 ¦Ìs,RX data,06,
668,2.541331 s,8.7 ¦Ìs,RX data,23,
669,2.541343 s,8.7 ¦Ìs,RX data,28,
670,2.541355 s,8.7 ¦Ìs,RX data,00,
671,2.541367 s,8.7 ¦Ìs,RX data,00,
672,2.541378 s,8.7 ¦Ìs,RX data,00,
673,2.54139 s,8.7 ¦Ìs,RX data,4C,
674,2.541402 s,8.7 ¦Ìs,RX data,66,
675,2.541414 s,8.7 ¦Ìs,RX data,00,
676,2.541426 s,8.7 ¦Ìs,RX data,00,
677,2.541438 s,8.7 ¦Ìs,RX data,00,
678,2.54145 s,8.7 ¦Ìs,RX data,00,
679,2.541462 s,8.7 ¦Ìs,RX data,00,
680,2.541474 s,8.7 ¦Ìs,RX data,00,
681,2.541486 s,8.7 ¦Ìs,RX data,03,
682,2.541497 s,8.7 ¦Ìs,RX data,20,
683,2.541509 s,8.7 ¦Ìs,RX data,19,
684,2.541521 s,8.7 ¦Ìs,RX data,00,
685,2.541533 s,8.7 ¦Ìs,RX data,01,
686,2.541545 s,8.7 ¦Ìs,RX data,00,
687,2.541557 s,8.7 ¦Ìs,RX data,00,
688,2.541569 s,8.7 ¦Ìs,RX data,01,
689,2.541581 s,8.7 ¦Ìs,RX data,00,
690,2.541593 s,8.7 ¦Ìs,RX data,00,
691,2.541605 s,8.7 ¦Ìs,RX data,00,
692,2.541616 s,8.7 ¦Ìs,RX data,00,
693,2.541628 s,8.7 ¦Ìs,RX data,00,
694,2.54164 s,8.7 ¦Ìs,RX data,00,
695,2.541652 s,8.7 ¦Ìs,RX data,00,
696,2.541664 s,8.7 ¦Ìs,RX data,00,
697,2.541676 s,8.7 ¦Ìs,RX data,00,
698,2.541688 s,8.7 ¦Ìs,RX data,00,
699,2.5417 s,8.7 ¦Ìs,RX data,00,
700,2.541712 s,8.7 ¦Ìs,RX data,00,
701,2.541724 s,8.7 ¦Ìs,RX data,00,
702,2.541735 s,8.7 ¦Ìs,RX data,00,
703,2.541747 s,8.7 ¦Ìs,RX data,00,
704,2.541759 s,8.7 ¦Ìs,RX data,00,
705,2.541771 s,8.7 ¦Ìs,RX data,00,
706,2.541783 s,8.7 ¦Ìs,RX data,00,
707,2.541795 s,8.7 ¦Ìs,RX data,00,
708,2.541807 s,8.7 ¦Ìs,RX data,00,
709,2.541819 s,8.7 ¦Ìs,RX data,00,
710,2.541831 s,8.7 ¦Ìs,RX data,00,
711,2.541843 s,8.7 ¦Ìs,RX data,41,
712,2.541854 s,8.7 ¦Ìs,RX data,66,
713,2.551327 s,8.7 ¦Ìs,RX data,B5,
714,2.551339 s,8.7 ¦Ìs,RX data,62,
715,2.551351 s,8.7 ¦Ìs,RX data,06,
716,2.551363 s,8.7 ¦Ìs,RX data,24,
717,2.551375 s,8.7 ¦Ìs,RX data,24,
718,2.551387 s,8.7 ¦Ìs,RX data,00,
719,2.551399 s,8.7 ¦Ìs,RX data,FF,
720,2.551411 s,8.7 ¦Ìs,RX data,FF,
721,2.551422 s,8.7 ¦Ìs,RX data,07,
722,2.551434 s,8.7 ¦Ìs,RX data,03,
723,2.551446 s,8.7 ¦Ìs,RX data,00,
724,2.551458 s,8.7 ¦Ìs,RX data,00,
725,2.55147 s,8.7 ¦Ìs,RX data,00,
726,2.551482 s,8.7 ¦Ìs,RX data,00,
727,2.551494 s,8.7 ¦Ìs,RX data,10,
728,2.551506 s,8.7 ¦Ìs,RX data,27,
729,2.551518 s,8.7 ¦Ìs,RX data,00,
730,2.55153 s,8.7 ¦Ìs,RX data,00,
731,2.551541 s,8.7 ¦Ìs,RX data,05,
732,2.551553 s,8.7 ¦Ìs,RX data,00,
733,2.551565 s,8.7 ¦Ìs,RX data,FA,
734,2.551577 s,8.7 ¦Ìs,RX data,00,
735,2.551589 s,8.7 ¦Ìs,RX data,FA,
736,2.551601 s,8.7 ¦Ìs,RX data,00,
737,2.551613 s,8.7 ¦Ìs,RX data,64,
738,2.551625 s,8.7 ¦Ìs,RX data,00,
739,2.551637 s,8.7 ¦Ìs,RX data,2C,
740,2.551649 s,8.7 ¦Ìs,RX data,01,
741,2.55166 s,8.7 ¦Ìs,RX data,00,
742,2.551672 s,8.7 ¦Ìs,RX data,00,
743,2.551684 s,8.7 ¦Ìs,RX data,00,
744,2.551696 s,8.7 ¦Ìs,RX data,00,
745,2.551708 s,8.7 ¦Ìs,RX data,10,
746,2.55172 s,8.7 ¦Ìs,RX data,27,
747,2.551732 s,8.7 ¦Ìs,RX data,00,
748,2.551744 s,8.7 ¦Ìs,RX data,00,
749,2.551756 s,8.7 ¦Ìs,RX data,00,
750,2.551768 s,8.7 ¦Ìs,RX data,00,
751,2.551779 s,8.7 ¦Ìs,RX data,00,
752,2.551791 s,8.7 ¦Ìs,RX data,00,
753,2.551803 s,8.7 ¦Ìs,RX data,00,
754,2.551815 s,8.7 ¦Ìs,RX data,00,
755,2.551827 s,8.7 ¦Ìs,RX data,4E,
756,2.551839 s,8.7 ¦Ìs,RX data,FD,
757,2.561305 s,8.7 ¦Ìs,RX data,B5,
758,2.561317 s,8.7 ¦Ìs,RX data,62,
759,2.561328 s,8.7 ¦Ìs,RX data,06,
760,2.56134 s,8.7 ¦Ìs,RX data,01,
761,2.561352 s,8.7 ¦Ìs,RX data,08,
762,2.561364 s,8.7 ¦Ìs,RX data,00,
763,2.561376 s,8.7 ¦Ìs,RX data,01,
764,2.561388 s,8.7 ¦Ìs,RX data,35,
765,2.5614 s,8.7 ¦Ìs,RX data,00,
766,2.561412 s,8.7 ¦Ìs,RX data,01,
767,2.561424 s,8.7 ¦Ìs,RX data,00,
768,2.561436 s,8.7 ¦Ìs,RX data,00,
769,2.561447 s,8.7 ¦Ìs,RX data,00,
770,2.561459 s,8.7 ¦Ìs,RX data,00,
771,2.561471 s,8.7 ¦Ìs,RX data,46,
772,2.561483 s,8.7 ¦Ìs,RX data,23,
773,2.571326 s,8.7 ¦Ìs,RX data,B5,
774,2.571338 s,8.7 ¦Ìs,RX data,62,
775,2.57135 s,8.7 ¦Ìs,RX data,06,
776,2.571362 s,8.7 ¦Ìs,RX data,16,
777,2.571373 s,8.7 ¦Ìs,RX data,08,
778,2.571385 s,8.7 ¦Ìs,RX data,00,
779,2.571397 s,8.7 ¦Ìs,RX data,00,
780,2.571409 s,8.7 ¦Ìs,RX data,01,
781,2.571421 s,8.7 ¦Ìs,RX data,01,
782,2.571433 s,8.7 ¦Ìs,RX data,00,
783,2.571445 s,8.7 ¦Ìs,RX data,00,
784,2.571457 s,8.7 ¦Ìs,RX data,00,
785,2.571469 s,8.7 ¦Ìs,RX data,00,
786,2.571481 s,8.7 ¦Ìs,RX data,00,
787,2.571492 s,8.7 ¦Ìs,RX data,26,
788,2.571504 s,8.7 ¦Ìs,RX data,97,
789,2.581299 s,8.7 ¦Ìs,RX data,B5,
790,2.581311 s,8.7 ¦Ìs,RX data,62,
791,2.581323 s,8.7 ¦Ìs,RX data,06,
792,2.581335 s,8.7 ¦Ìs,RX data,31,
793,2.581347 s,8.7 ¦Ìs,RX data,20,
794,2.581359 s,8.7 ¦Ìs,RX data,00,
795,2.581371 s,8.7 ¦Ìs,RX data,00,
796,2.581383 s,8.7 ¦Ìs,RX data,01,
797,2.581395 s,8.7 ¦Ìs,RX data,00,
798,2.581407 s,8.7 ¦Ìs,RX data,00,
799,2.581418 s,8.7 ¦Ìs,RX data,00,
800,2.58143 s,8.7 ¦Ìs,RX data,00,
801,2.581442 s,8.7 ¦Ìs,RX data,00,
802,2.581454 s,8.7 ¦Ìs,RX data,00,
803,2.581466 s,8.7 ¦Ìs,RX data,01,
804,2.581478 s,8.7 ¦Ìs,RX data,00,
805,2.58149 s,8.7 ¦Ìs,RX data,00,
806,2.581502 s,8.7 ¦Ìs,RX data,00,
807,2.581514 s,8.7 ¦Ìs,RX data,01,
808,2.581526 s,8.7 ¦Ìs,RX data,00,
809,2.581537 s,8.7 ¦Ìs,RX data,00,
810,2.581549 s,8.7 ¦Ìs,RX data,00,
811,2.581561 s,8.7 ¦Ìs,RX data,00,
812,2.581573 s,8.7 ¦Ìs,RX data,00,
813,2.581585 s,8.7 ¦Ìs,RX data,00,
814,2.581597 s,8.7 ¦Ìs,RX data,80,
815,2.581609 s,8.7 ¦Ìs,RX data,00,
816,2.581621 s,8.7 ¦Ìs,RX data,00,
817,2.581633 s,8.7 ¦Ìs,RX data,00,
818,2.581645 s,8.7 ¦Ìs,RX data,80,
819,2.581656 s,8.7 ¦Ìs,RX data,00,
820,2.581668 s,8.7 ¦Ìs,RX data,00,
821,2.58168 s,8.7 ¦Ìs,RX data,00,
822,2.581692 s,8.7 ¦Ìs,RX data,00,
823,2.581704 s,8.7 ¦Ìs,RX data,EF,
824,2.581716 s,8.7 ¦Ìs,RX data,00,
825,2.581728 s,8.7 ¦Ìs,RX data,00,
826,2.58174 s,8.7 ¦Ìs,RX data,00,
827,2.581752 s,8.7 ¦Ìs,RX data,49,
828,2.581764 s,8.7 ¦Ìs,RX data,D2,
829,2.686285 s,8.7 ¦Ìs,RX data,B5,
830,2.686297 s,8.7 ¦Ìs,RX data,62,
831,2.686309 s,8.7 ¦Ìs,RX data,06,
832,2.686321 s,8.7 ¦Ìs,RX data,31,
833,2.686333 s,8.7 ¦Ìs,RX data,20,
834,2.686345 s,8.7 ¦Ìs,RX data,00,
835,2.686357 s,8.7 ¦Ìs,RX data,00,
836,2.686369 s,8.7 ¦Ìs,RX data,01,
837,2.686381 s,8.7 ¦Ìs,RX data,00,
838,2.686392 s,8.7 ¦Ìs,RX data,00,
839,2.686404 s,8.7 ¦Ìs,RX data,00,
840,2.686416 s,8.7 ¦Ìs,RX data,00,
841,2.686428 s,8.7 ¦Ìs,RX data,00,
842,2.68644 s,8.7 ¦Ìs,RX data,00,
843,2.686452 s,8.7 ¦Ìs,RX data,01,
844,2.686464 s,8.7 ¦Ìs,RX data,00,
845,2.686476 s,8.7 ¦Ìs,RX data,00,
846,2.686488 s,8.7 ¦Ìs,RX data,00,
847,2.6865 s,8.7 ¦Ìs,RX data,01,
848,2.686511 s,8.7 ¦Ìs,RX data,00,
849,2.686523 s,8.7 ¦Ìs,RX data,00,
850,2.686535 s,8.7 ¦Ìs,RX data,00,
851,2.686547 s,8.7 ¦Ìs,RX data,00,
852,2.686559 s,8.7 ¦Ìs,RX data,00,
853,2.686571 s,8.7 ¦Ìs,RX data,00,
854,2.686583 s,8.7 ¦Ìs,RX data,80,
855,2.686595 s,8.7 ¦Ìs,RX data,00,
856,2.686607 s,8.7 ¦Ìs,RX data,00,
857,2.686619 s,8.7 ¦Ìs,RX data,00,
858,2.68663 s,8.7 ¦Ìs,RX data,80,
859,2.686642 s,8.7 ¦Ìs,RX data,00,
860,2.686654 s,8.7 ¦Ìs,RX data,00,
861,2.686666 s,8.7 ¦Ìs,RX data,00,
862,2.686678 s,8.7 ¦Ìs,RX data,00,
863,2.68669 s,8.7 ¦Ìs,RX data,EF,
864,2.686702 s,8.7 ¦Ìs,RX data,00,
865,2.686714 s,8.7 ¦Ìs,RX data,00,
866,2.686726 s,8.7 ¦Ìs,RX data,00,
867,2.686738 s,8.7 ¦Ìs,RX data,49,
868,2.686749 s,8.7 ¦Ìs,RX data,D2,
869,2.791317 s,8.7 ¦Ìs,RX data,B5,
870,2.791329 s,8.7 ¦Ìs,RX data,62,
871,2.791341 s,8.7 ¦Ìs,RX data,06,
872,2.791353 s,8.7 ¦Ìs,RX data,31,
873,2.791365 s,8.7 ¦Ìs,RX data,20,
874,2.791376 s,8.7 ¦Ìs,RX data,00,
875,2.791388 s,8.7 ¦Ìs,RX data,00,
876,2.7914 s,8.7 ¦Ìs,RX data,01,
877,2.791412 s,8.7 ¦Ìs,RX data,00,
878,2.791424 s,8.7 ¦Ìs,RX data,00,
879,2.791436 s,8.7 ¦Ìs,RX data,00,
880,2.791448 s,8.7 ¦Ìs,RX data,00,
881,2.79146 s,8.7 ¦Ìs,RX data,00,
882,2.791472 s,8.7 ¦Ìs,RX data,00,
883,2.791484 s,8.7 ¦Ìs,RX data,01,
884,2.791495 s,8.7 ¦Ìs,RX data,00,
885,2.791507 s,8.7 ¦Ìs,RX data,00,
886,2.791519 s,8.7 ¦Ìs,RX data,00,
887,2.791531 s,8.7 ¦Ìs,RX data,01,
888,2.791543 s,8.7 ¦Ìs,RX data,00,
889,2.791555 s,8.7 ¦Ìs,RX data,00,
890,2.791567 s,8.7 ¦Ìs,RX data,00,
891,2.791579 s,8.7 ¦Ìs,RX data,00,
892,2.791591 s,8.7 ¦Ìs,RX data,00,
893,2.791603 s,8.7 ¦Ìs,RX data,00,
894,2.791614 s,8.7 ¦Ìs,RX data,80,
895,2.791626 s,8.7 ¦Ìs,RX data,00,
896,2.791638 s,8.7 ¦Ìs,RX data,00,
897,2.79165 s,8.7 ¦Ìs,RX data,00,
898,2.791662 s,8.7 ¦Ìs,RX data,80,
899,2.791674 s,8.7 ¦Ìs,RX data,00,
900,2.791686 s,8.7 ¦Ìs,RX data,00,
901,2.791698 s,8.7 ¦Ìs,RX data,00,
902,2.79171 s,8.7 ¦Ìs,RX data,00,
903,2.791722 s,8.7 ¦Ìs,RX data,EF,
904,2.791733 s,8.7 ¦Ìs,RX data,00,
905,2.791745 s,8.7 ¦Ìs,RX data,00,
906,2.791757 s,8.7 ¦Ìs,RX data,00,
907,2.791769 s,8.7 ¦Ìs,RX data,49,
908,2.791781 s,8.7 ¦Ìs,RX data,D2,
909,2.896319 s,8.7 ¦Ìs,RX data,B5,
910,2.896331 s,8.7 ¦Ìs,RX data,62,
911,2.896343 s,8.7 ¦Ìs,RX data,06,
912,2.896355 s,8.7 ¦Ìs,RX data,31,
913,2.896366 s,8.7 ¦Ìs,RX data,20,
914,2.896378 s,8.7 ¦Ìs,RX data,00,
915,2.89639 s,8.7 ¦Ìs,RX data,00,
916,2.896402 s,8.7 ¦Ìs,RX data,01,
917,2.896414 s,8.7 ¦Ìs,RX data,00,
918,2.896426 s,8.7 ¦Ìs,RX data,00,
919,2.896438 s,8.7 ¦Ìs,RX data,00,
920,2.89645 s,8.7 ¦Ìs,RX data,00,
921,2.896462 s,8.7 ¦Ìs,RX data,00,
922,2.896474 s,8.7 ¦Ìs,RX data,00,
923,2.896485 s,8.7 ¦Ìs,RX data,01,
924,2.896497 s,8.7 ¦Ìs,RX data,00,
925,2.896509 s,8.7 ¦Ìs,RX data,00,
926,2.896521 s,8.7 ¦Ìs,RX data,00,
927,2.896533 s,8.7 ¦Ìs,RX data,01,
928,2.896545 s,8.7 ¦Ìs,RX data,00,
929,2.896557 s,8.7 ¦Ìs,RX data,00,
930,2.896569 s,8.7 ¦Ìs,RX data,00,
931,2.896581 s,8.7 ¦Ìs,RX data,00,
932,2.896593 s,8.7 ¦Ìs,RX data,00,
933,2.896604 s,8.7 ¦Ìs,RX data,00,
934,2.896616 s,8.7 ¦Ìs,RX data,80,
935,2.896628 s,8.7 ¦Ìs,RX data,00,
936,2.89664 s,8.7 ¦Ìs,RX data,00,
937,2.896652 s,8.7 ¦Ìs,RX data,00,
938,2.896664 s,8.7 ¦Ìs,RX data,80,
939,2.896676 s,8.7 ¦Ìs,RX data,00,
940,2.896688 s,8.7 ¦Ìs,RX data,00,
941,2.8967 s,8.7 ¦Ìs,RX data,00,
942,2.896712 s,8.7 ¦Ìs,RX data,00,
943,2.896723 s,8.7 ¦Ìs,RX data,EF,
944,2.896735 s,8.7 ¦Ìs,RX data,00,
945,2.896747 s,8.7 ¦Ìs,RX data,00,
946,2.896759 s,8.7 ¦Ìs,RX data,00,
947,2.896771 s,8.7 ¦Ìs,RX data,49,
948,2.896783 s,8.7 ¦Ìs,RX data,D2,
949,3.001303 s,8.7 ¦Ìs,RX data,B5,
950,3.001315 s,8.7 ¦Ìs,RX data,62,
951,3.001327 s,8.7 ¦Ìs,RX data,06,
952,3.001339 s,8.7 ¦Ìs,RX data,31,
953,3.001351 s,8.7 ¦Ìs,RX data,20,
954,3.001363 s,8.7 ¦Ìs,RX data,00,
955,3.001375 s,8.7 ¦Ìs,RX data,00,
956,3.001387 s,8.7 ¦Ìs,RX data,01,
957,3.001398 s,8.7 ¦Ìs,RX data,00,
958,3.00141 s,8.7 ¦Ìs,RX data,00,
959,3.001422 s,8.7 ¦Ìs,RX data,00,
960,3.001434 s,8.7 ¦Ìs,RX data,00,
961,3.001446 s,8.7 ¦Ìs,RX data,00,
962,3.001458 s,8.7 ¦Ìs,RX data,00,
963,3.00147 s,8.7 ¦Ìs,RX data,01,
964,3.001482 s,8.7 ¦Ìs,RX data,00,
965,3.001494 s,8.7 ¦Ìs,RX data,00,
966,3.001506 s,8.7 ¦Ìs,RX data,00,
967,3.001517 s,8.7 ¦Ìs,RX data,01,
968,3.001529 s,8.7 ¦Ìs,RX data,00,
969,3.001541 s,8.7 ¦Ìs,RX data,00,
970,3.001553 s,8.7 ¦Ìs,RX data,00,
971,3.001565 s,8.7 ¦Ìs,RX data,00,
972,3.001577 s,8.7 ¦Ìs,RX data,00,
973,3.001589 s,8.7 ¦Ìs,RX data,00,
974,3.001601 s,8.7 ¦Ìs,RX data,80,
975,3.001613 s,8.7 ¦Ìs,RX data,00,
976,3.001624 s,8.7 ¦Ìs,RX data,00,
977,3.001636 s,8.7 ¦Ìs,RX data,00,
978,3.001648 s,8.7 ¦Ìs,RX data,80,
979,3.00166 s,8.7 ¦Ìs,RX data,00,
980,3.001672 s,8.7 ¦Ìs,RX data,00,
981,3.001684 s,8.7 ¦Ìs,RX data,00,
982,3.001696 s,8.7 ¦Ìs,RX data,00,
983,3.001708 s,8.7 ¦Ìs,RX data,EF,
984,3.00172 s,8.7 ¦Ìs,RX data,00,
985,3.001732 s,8.7 ¦Ìs,RX data,00,
986,3.001743 s,8.7 ¦Ìs,RX data,00,
987,3.001755 s,8.7 ¦Ìs,RX data,49,
988,3.001767 s,8.7 ¦Ìs,RX data,D2,
989,3.106325 s,8.7 ¦Ìs,RX data,B5,
990,3.106337 s,8.7 ¦Ìs,RX data,62,
991,3.106349 s,8.7 ¦Ìs,RX data,06,
992,3.106361 s,8.7 ¦Ìs,RX data,31,
993,3.106373 s,8.7 ¦Ìs,RX data,20,
994,3.106385 s,8.7 ¦Ìs,RX data,00,
995,3.106396 s,8.7 ¦Ìs,RX data,00,
996,3.106408 s,8.7 ¦Ìs,RX data,01,
997,3.10642 s,8.7 ¦Ìs,RX data,00,
998,3.106432 s,8.7 ¦Ìs,RX data,00,
999,3.106444 s,8.7 ¦Ìs,RX data,00,
1000,3.106456 s,8.7 ¦Ìs,RX data,00,
1001,3.106468 s,8.7 ¦Ìs,RX data,00,
1002,3.10648 s,8.7 ¦Ìs,RX data,00,
1003,3.106492 s,8.7 ¦Ìs,RX data,01,
1004,3.106504 s,8.7 ¦Ìs,RX data,00,
1005,3.106515 s,8.7 ¦Ìs,RX data,00,
1006,3.106527 s,8.7 ¦Ìs,RX data,00,
1007,3.106539 s,8.7 ¦Ìs,RX data,01,
1008,3.106551 s,8.7 ¦Ìs,RX data,00,
1009,3.106563 s,8.7 ¦Ìs,RX data,00,
1010,3.106575 s,8.7 ¦Ìs,RX data,00,
1011,3.106587 s,8.7 ¦Ìs,RX data,00,
1012,3.106599 s,8.7 ¦Ìs,RX data,00,
1013,3.106611 s,8.7 ¦Ìs,RX data,00,
1014,3.106622 s,8.7 ¦Ìs,RX data,80,
1015,3.106634 s,8.7 ¦Ìs,RX data,00,
1016,3.106646 s,8.7 ¦Ìs,RX data,00,
1017,3.106658 s,8.7 ¦Ìs,RX data,00,
1018,3.10667 s,8.7 ¦Ìs,RX data,80,
1019,3.106682 s,8.7 ¦Ìs,RX data,00,
1020,3.106694 s,8.7 ¦Ìs,RX data,00,
1021,3.106706 s,8.7 ¦Ìs,RX data,00,
1022,3.106718 s,8.7 ¦Ìs,RX data,00,
1023,3.10673 s,8.7 ¦Ìs,RX data,EF,
1024,3.106742 s,8.7 ¦Ìs,RX data,00,
1025,3.106753 s,8.7 ¦Ìs,RX data,00,
1026,3.106765 s,8.7 ¦Ìs,RX data,00,
1027,3.106777 s,8.7 ¦Ìs,RX data,49,
1028,3.106789 s,8.7 ¦Ìs,RX data,D2,
1029,3.211654 s,8.7 ¦Ìs,RX data,B5,
1030,3.211666 s,8.7 ¦Ìs,RX data,62,
1031,3.211678 s,8.7 ¦Ìs,RX data,06,
1032,3.21169 s,8.7 ¦Ìs,RX data,31,
1033,3.211701 s,8.7 ¦Ìs,RX data,20,
1034,3.211713 s,8.7 ¦Ìs,RX data,00,
1035,3.211725 s,8.7 ¦Ìs,RX data,00,
1036,3.211737 s,8.7 ¦Ìs,RX data,01,
1037,3.211749 s,8.7 ¦Ìs,RX data,00,
1038,3.211761 s,8.7 ¦Ìs,RX data,00,
1039,3.211773 s,8.7 ¦Ìs,RX data,00,
1040,3.211785 s,8.7 ¦Ìs,RX data,00,
1041,3.211797 s,8.7 ¦Ìs,RX data,00,
1042,3.211809 s,8.7 ¦Ìs,RX data,00,
1043,3.21182 s,8.7 ¦Ìs,RX data,01,
1044,3.211832 s,8.7 ¦Ìs,RX data,00,
1045,3.211844 s,8.7 ¦Ìs,RX data,00,
1046,3.211856 s,8.7 ¦Ìs,RX data,00,
1047,3.211868 s,8.7 ¦Ìs,RX data,01,
1048,3.21188 s,8.7 ¦Ìs,RX data,00,
1049,3.211892 s,8.7 ¦Ìs,RX data,00,
1050,3.211904 s,8.7 ¦Ìs,RX data,00,
1051,3.211916 s,8.7 ¦Ìs,RX data,00,
1052,3.211927 s,8.7 ¦Ìs,RX data,00,
1053,3.211939 s,8.7 ¦Ìs,RX data,00,
1054,3.211951 s,8.7 ¦Ìs,RX data,80,
1055,3.211963 s,8.7 ¦Ìs,RX data,00,
1056,3.211975 s,8.7 ¦Ìs,RX data,00,
1057,3.211987 s,8.7 ¦Ìs,RX data,00,
1058,3.211999 s,8.7 ¦Ìs,RX data,80,
1059,3.212011 s,8.7 ¦Ìs,RX data,00,
1060,3.212023 s,8.7 ¦Ìs,RX data,00,
1061,3.212035 s,8.7 ¦Ìs,RX data,00,
1062,3.212046 s,8.7 ¦Ìs,RX data,00,
1063,3.212058 s,8.7 ¦Ìs,RX data,EF,
1064,3.21207 s,8.7 ¦Ìs,RX data,00,
1065,3.212082 s,8.7 ¦Ìs,RX data,00,
1066,3.212094 s,8.7 ¦Ìs,RX data,00,
1067,3.212106 s,8.7 ¦Ìs,RX data,49,
1068,3.212118 s,8.7 ¦Ìs,RX data,D2,
1069,3.316679 s,8.7 ¦Ìs,RX data,B5,
1070,3.316691 s,8.7 ¦Ìs,RX data,62,
1071,3.316703 s,8.7 ¦Ìs,RX data,06,
1072,3.316715 s,8.7 ¦Ìs,RX data,31,
1073,3.316727 s,8.7 ¦Ìs,RX data,20,
1074,3.316738 s,8.7 ¦Ìs,RX data,00,
1075,3.31675 s,8.7 ¦Ìs,RX data,00,
1076,3.316762 s,8.7 ¦Ìs,RX data,01,
1077,3.316774 s,8.7 ¦Ìs,RX data,00,
1078,3.316786 s,8.7 ¦Ìs,RX data,00,
1079,3.316798 s,8.7 ¦Ìs,RX data,00,
1080,3.31681 s,8.7 ¦Ìs,RX data,00,
1081,3.316822 s,8.7 ¦Ìs,RX data,00,
1082,3.316834 s,8.7 ¦Ìs,RX data,00,
1083,3.316846 s,8.7 ¦Ìs,RX data,01,
1084,3.316857 s,8.7 ¦Ìs,RX data,00,
1085,3.316869 s,8.7 ¦Ìs,RX data,00,
1086,3.316881 s,8.7 ¦Ìs,RX data,00,
1087,3.316893 s,8.7 ¦Ìs,RX data,01,
1088,3.316905 s,8.7 ¦Ìs,RX data,00,
1089,3.316917 s,8.7 ¦Ìs,RX data,00,
1090,3.316929 s,8.7 ¦Ìs,RX data,00,
1091,3.316941 s,8.7 ¦Ìs,RX data,00,
1092,3.316953 s,8.7 ¦Ìs,RX data,00,
1093,3.316965 s,8.7 ¦Ìs,RX data,00,
1094,3.316976 s,8.7 ¦Ìs,RX data,80,
1095,3.316988 s,8.7 ¦Ìs,RX data,00,
1096,3.317 s,8.7 ¦Ìs,RX data,00,
1097,3.317012 s,8.7 ¦Ìs,RX data,00,
1098,3.317024 s,8.7 ¦Ìs,RX data,80,
1099,3.317036 s,8.7 ¦Ìs,RX data,00,
1100,3.317048 s,8.7 ¦Ìs,RX data,00,
1101,3.31706 s,8.7 ¦Ìs,RX data,00,
1102,3.317072 s,8.7 ¦Ìs,RX data,00,
1103,3.317084 s,8.7 ¦Ìs,RX data,EF,
1104,3.317095 s,8.7 ¦Ìs,RX data,00,
1105,3.317107 s,8.7 ¦Ìs,RX data,00,
1106,3.317119 s,8.7 ¦Ìs,RX data,00,
1107,3.317131 s,8.7 ¦Ìs,RX data,49,
1108,3.317143 s,8.7 ¦Ìs,RX data,D2,
1109,3.421653 s,8.7 ¦Ìs,RX data,B5,
1110,3.421665 s,8.7 ¦Ìs,RX data,62,
1111,3.421677 s,8.7 ¦Ìs,RX data,06,
1112,3.421689 s,8.7 ¦Ìs,RX data,31,
1113,3.421701 s,8.7 ¦Ìs,RX data,20,
1114,3.421713 s,8.7 ¦Ìs,RX data,00,
1115,3.421725 s,8.7 ¦Ìs,RX data,00,
1116,3.421737 s,8.7 ¦Ìs,RX data,01,
1117,3.421749 s,8.7 ¦Ìs,RX data,00,
1118,3.42176 s,8.7 ¦Ìs,RX data,00,
1119,3.421772 s,8.7 ¦Ìs,RX data,00,
1120,3.421784 s,8.7 ¦Ìs,RX data,00,
1121,3.421796 s,8.7 ¦Ìs,RX data,00,
1122,3.421808 s,8.7 ¦Ìs,RX data,00,
1123,3.42182 s,8.7 ¦Ìs,RX data,01,
1124,3.421832 s,8.7 ¦Ìs,RX data,00,
1125,3.421844 s,8.7 ¦Ìs,RX data,00,
1126,3.421856 s,8.7 ¦Ìs,RX data,00,
1127,3.421868 s,8.7 ¦Ìs,RX data,01,
1128,3.421879 s,8.7 ¦Ìs,RX data,00,
1129,3.421891 s,8.7 ¦Ìs,RX data,00,
1130,3.421903 s,8.7 ¦Ìs,RX data,00,
1131,3.421915 s,8.7 ¦Ìs,RX data,00,
1132,3.421927 s,8.7 ¦Ìs,RX data,00,
1133,3.421939 s,8.7 ¦Ìs,RX data,00,
1134,3.421951 s,8.7 ¦Ìs,RX data,80,
1135,3.421963 s,8.7 ¦Ìs,RX data,00,
1136,3.421975 s,8.7 ¦Ìs,RX data,00,
1137,3.421987 s,8.7 ¦Ìs,RX data,00,
1138,3.421998 s,8.7 ¦Ìs,RX data,80,
1139,3.42201 s,8.7 ¦Ìs,RX data,00,
1140,3.422022 s,8.7 ¦Ìs,RX data,00,
1141,3.422034 s,8.7 ¦Ìs,RX data,00,
1142,3.422046 s,8.7 ¦Ìs,RX data,00,
1143,3.422058 s,8.7 ¦Ìs,RX data,EF,
1144,3.42207 s,8.7 ¦Ìs,RX data,00,
1145,3.422082 s,8.7 ¦Ìs,RX data,00,
1146,3.422094 s,8.7 ¦Ìs,RX data,00,
1147,3.422106 s,8.7 ¦Ìs,RX data,49,
1148,3.422117 s,8.7 ¦Ìs,RX data,D2,
1149,3.526664 s,8.7 ¦Ìs,RX data,B5,
1150,3.526675 s,8.7 ¦Ìs,RX data,62,
1151,3.526687 s,8.7 ¦Ìs,RX data,06,
1152,3.526699 s,8.7 ¦Ìs,RX data,31,
1153,3.526711 s,8.7 ¦Ìs,RX data,20,
1154,3.526723 s,8.7 ¦Ìs,RX data,00,
1155,3.526735 s,8.7 ¦Ìs,RX data,00,
1156,3.526747 s,8.7 ¦Ìs,RX data,01,
1157,3.526759 s,8.7 ¦Ìs,RX data,00,
1158,3.526771 s,8.7 ¦Ìs,RX data,00,
1159,3.526782 s,8.7 ¦Ìs,RX data,00,
1160,3.526794 s,8.7 ¦Ìs,RX data,00,
1161,3.526806 s,8.7 ¦Ìs,RX data,00,
1162,3.526818 s,8.7 ¦Ìs,RX data,00,
1163,3.52683 s,8.7 ¦Ìs,RX data,01,
1164,3.526842 s,8.7 ¦Ìs,RX data,00,
1165,3.526854 s,8.7 ¦Ìs,RX data,00,
1166,3.526866 s,8.7 ¦Ìs,RX data,00,
1167,3.526878 s,8.7 ¦Ìs,RX data,01,
1168,3.52689 s,8.7 ¦Ìs,RX data,00,
1169,3.526901 s,8.7 ¦Ìs,RX data,00,
1170,3.526913 s,8.7 ¦Ìs,RX data,00,
1171,3.526925 s,8.7 ¦Ìs,RX data,00,
1172,3.526937 s,8.7 ¦Ìs,RX data,00,
1173,3.526949 s,8.7 ¦Ìs,RX data,00,
1174,3.526961 s,8.7 ¦Ìs,RX data,80,
1175,3.526973 s,8.7 ¦Ìs,RX data,00,
1176,3.526985 s,8.7 ¦Ìs,RX data,00,
1177,3.526997 s,8.7 ¦Ìs,RX data,00,
1178,3.527009 s,8.7 ¦Ìs,RX data,80,
1179,3.52702 s,8.7 ¦Ìs,RX data,00,
1180,3.527032 s,8.7 ¦Ìs,RX data,00,
1181,3.527044 s,8.7 ¦Ìs,RX data,00,
1182,3.527056 s,8.7 ¦Ìs,RX data,00,
1183,3.527068 s,8.7 ¦Ìs,RX data,EF,
1184,3.52708 s,8.7 ¦Ìs,RX data,00,
1185,3.527092 s,8.7 ¦Ìs,RX data,00,
1186,3.527104 s,8.7 ¦Ìs,RX data,00,
1187,3.527116 s,8.7 ¦Ìs,RX data,49,
1188,3.527128 s,8.7 ¦Ìs,RX data,D2,
1189,3.636777 s,8.7 ¦Ìs,RX data,B5,
1190,3.636789 s,8.7 ¦Ìs,RX data,62,
1191,3.636801 s,8.7 ¦Ìs,RX data,06,
1192,3.636813 s,8.7 ¦Ìs,RX data,39,
1193,3.636825 s,8.7 ¦Ìs,RX data,08,
1194,3.636837 s,8.7 ¦Ìs,RX data,00,
1195,3.636849 s,8.7 ¦Ìs,RX data,F3,
1196,3.636861 s,8.7 ¦Ìs,RX data,AC,
1197,3.636873 s,8.7 ¦Ìs,RX data,62,
1198,3.636884 s,8.7 ¦Ìs,RX data,AD,
1199,3.636896 s,8.7 ¦Ìs,RX data,1E,
1200,3.636908 s,8.7 ¦Ìs,RX data,53,
1201,3.63692 s,8.7 ¦Ìs,RX data,00,
1202,3.636932 s,8.7 ¦Ìs,RX data,00,
1203,3.636944 s,8.7 ¦Ìs,RX data,66,
1204,3.636956 s,8.7 ¦Ìs,RX data,75,
1205,3.646688 s,8.7 ¦Ìs,RX data,B5,
1206,3.6467 s,8.7 ¦Ìs,RX data,62,
1207,3.646712 s,8.7 ¦Ìs,RX data,06,
1208,3.646724 s,8.7 ¦Ìs,RX data,09,
1209,3.646736 s,8.7 ¦Ìs,RX data,0D,
1210,3.646748 s,8.7 ¦Ìs,RX data,00,
1211,3.646759 s,8.7 ¦Ìs,RX data,00,
1212,3.646771 s,8.7 ¦Ìs,RX data,00,
1213,3.646783 s,8.7 ¦Ìs,RX data,00,
1214,3.646795 s,8.7 ¦Ìs,RX data,00,
1215,3.646807 s,8.7 ¦Ìs,RX data,FF,
1216,3.646819 s,8.7 ¦Ìs,RX data,FF,
1217,3.646831 s,8.7 ¦Ìs,RX data,00,
1218,3.646843 s,8.7 ¦Ìs,RX data,00,
1219,3.646855 s,8.7 ¦Ìs,RX data,00,
1220,3.646867 s,8.7 ¦Ìs,RX data,00,
1221,3.646878 s,8.7 ¦Ìs,RX data,00,
1222,3.64689 s,8.7 ¦Ìs,RX data,00,
1223,3.646902 s,8.7 ¦Ìs,RX data,03,
1224,3.646914 s,8.7 ¦Ìs,RX data,1D,
1225,3.646926 s,8.7 ¦Ìs,RX data,AB,
1226,3.656753 s,8.7 ¦Ìs,RX data,B5,
1227,3.656765 s,8.7 ¦Ìs,RX data,62,
1228,3.656776 s,8.7 ¦Ìs,RX data,06,
1229,3.656788 s,8.7 ¦Ìs,RX data,04,
1230,3.6568 s,8.7 ¦Ìs,RX data,04,
1231,3.656812 s,8.7 ¦Ìs,RX data,00,
1232,3.656824 s,8.7 ¦Ìs,RX data,00,
1233,3.656836 s,8.7 ¦Ìs,RX data,00,
1234,3.656848 s,8.7 ¦Ìs,RX data,09,
1235,3.65686 s,8.7 ¦Ìs,RX data,00,
1236,3.656872 s,8.7 ¦Ìs,RX data,17,
1237,3.656883 s,8.7 ¦Ìs,RX data,76,
1238,5.811975 s,8.7 ¦Ìs,RX data,B5,
1239,5.811987 s,8.7 ¦Ìs,RX data,62,
1240,5.811999 s,8.7 ¦Ìs,RX data,27,
1241,5.812011 s,8.7 ¦Ìs,RX data,03,
1242,5.812022 s,8.7 ¦Ìs,RX data,00,
1243,5.812034 s,8.7 ¦Ìs,RX data,00,
1244,5.812046 s,8.7 ¦Ìs,RX data,2A,
1245,5.812058 s,8.7 ¦Ìs,RX data,A5,
